[
  {
    "value": "quatro queijos",
    "synonyms": [
      "4 queijos",
      "4queijos",
      "quatro queijos"
    ]
  },
  {
    "value": "camarão",
    "synonyms": [
      "camarão"
    ]
  },
  {
    "value": "calabresa",
    "synonyms": [
      "calabresa"
    ]
  },
  {
    "value": "atum",
    "synonyms": [
      "atum"
    ]
  },
  {
    "value": "frango",
    "synonyms": [
      "frango"
    ]
  },
  {
    "value": "brigadeiro",
    "synonyms": [
      "brigadeiro"
    ]
  },
  {
    "value": "banana",
    "synonyms": [
      "banana"
    ]
  },
  {
    "value": "doce de leite",
    "synonyms": [
      "doce de leite",
      "doce-de-leite"
    ]
  }
]