[
  {
    "id": "91a7e0be-6f01-4013-ac85-28a8eb9468c8",
    "data": [
      {
        "text": "crédito",
        "meta": "@pagamentos",
        "alias": "pagamentos",
        "userDefined": false
      }
    ],
    "isTemplate": false,
    "count": 1,
    "lang": "pt-br",
    "updated": 0
  },
  {
    "id": "dd6a6839-0f78-453c-9194-f94ece6a8dbe",
    "data": [
      {
        "text": "débito",
        "meta": "@pagamentos",
        "alias": "pagamentos",
        "userDefined": false
      }
    ],
    "isTemplate": false,
    "count": 0,
    "lang": "pt-br",
    "updated": 0
  },
  {
    "id": "a8d9eee3-7d2e-4840-b4ca-97216f9b1180",
    "data": [
      {
        "text": "dinheiro",
        "meta": "@pagamentos",
        "alias": "pagamentos",
        "userDefined": false
      }
    ],
    "isTemplate": false,
    "count": 0,
    "lang": "pt-br",
    "updated": 0
  },
  {
    "id": "c1cf3df6-b000-4f3d-a787-00144944fd50",
    "data": [
      {
        "text": "cartão",
        "meta": "@pagamentos",
        "alias": "pagamentos",
        "userDefined": false
      }
    ],
    "isTemplate": false,
    "count": 0,
    "lang": "pt-br",
    "updated": 0
  }
]