[
  {
    "id": "fff87d79-874e-45f1-820b-abb0ac112198",
    "data": [
      {
        "text": "quero ",
        "userDefined": false
      },
      {
        "text": "água de coco",
        "meta": "@tipoBebidas",
        "alias": "tipoBebidas",
        "userDefined": true
      }
    ],
    "isTemplate": false,
    "count": 0,
    "lang": "pt-br",
    "updated": 0
  },
  {
    "id": "f256fb73-1e92-4b2f-8180-c28686fe6d83",
    "data": [
      {
        "text": "quero ",
        "userDefined": false
      },
      {
        "text": "água",
        "meta": "@tipoBebidas",
        "alias": "tipoBebidas",
        "userDefined": true
      }
    ],
    "isTemplate": false,
    "count": 0,
    "lang": "pt-br",
    "updated": 0
  },
  {
    "id": "44d72b37-9a0c-4c37-9cda-029ac149c695",
    "data": [
      {
        "text": "quero ",
        "userDefined": false
      },
      {
        "text": "suco",
        "meta": "@tipoBebidas",
        "alias": "tipoBebidas",
        "userDefined": true
      }
    ],
    "isTemplate": false,
    "count": 0,
    "lang": "pt-br",
    "updated": 0
  },
  {
    "id": "34dfa64b-e0f1-46bd-b27e-06152696f1f3",
    "data": [
      {
        "text": "quero ",
        "userDefined": false
      },
      {
        "text": "refrigerante",
        "meta": "@tipoBebidas",
        "alias": "tipoBebidas",
        "userDefined": true
      }
    ],
    "isTemplate": false,
    "count": 0,
    "lang": "pt-br",
    "updated": 0
  }
]