[
  {
    "id": "581fcf1d-fb86-4dca-90d9-cc94fb8b5305",
    "data": [
      {
        "text": "pizza com",
        "userDefined": false
      },
      {
        "text": " tamanho ",
        "userDefined": false
      },
      {
        "text": "broto",
        "meta": "@tamanho",
        "alias": "tamanho",
        "userDefined": false
      }
    ],
    "isTemplate": false,
    "count": 0,
    "lang": "pt-br",
    "updated": 0
  },
  {
    "id": "43dd09ca-7a47-4928-bdac-13aa3f644ac1",
    "data": [
      {
        "text": "pizza ",
        "userDefined": false
      },
      {
        "text": "com",
        "userDefined": false
      },
      {
        "text": " recheio de ",
        "userDefined": false
      },
      {
        "text": "calabresa",
        "meta": "@sabor",
        "alias": "sabor",
        "userDefined": false
      }
    ],
    "isTemplate": false,
    "count": 0,
    "lang": "pt-br",
    "updated": 0
  },
  {
    "id": "781fa10d-991d-4547-aea2-00e618aa8506",
    "data": [
      {
        "text": "camarao",
        "meta": "@sabor",
        "alias": "sabor",
        "userDefined": false
      },
      {
        "text": " ",
        "userDefined": false
      },
      {
        "text": "grande",
        "meta": "@tamanho",
        "alias": "tamanho",
        "userDefined": true
      },
      {
        "text": " ",
        "userDefined": false
      },
      {
        "text": "com",
        "meta": "@borda",
        "alias": "borda",
        "userDefined": true
      },
      {
        "text": " borda",
        "userDefined": false
      }
    ],
    "isTemplate": false,
    "count": 0,
    "lang": "pt-br",
    "updated": 0
  },
  {
    "id": "c1291805-3806-4164-94c2-37586377a4d1",
    "data": [
      {
        "text": "com",
        "meta": "@borda",
        "alias": "borda",
        "userDefined": true
      }
    ],
    "isTemplate": false,
    "count": 0,
    "lang": "pt-br",
    "updated": 0
  },
  {
    "id": "83cc2f60-1b25-4af6-ad11-cd4b4d1eae54",
    "data": [
      {
        "text": "sem",
        "meta": "@borda",
        "alias": "borda",
        "userDefined": true
      }
    ],
    "isTemplate": false,
    "count": 0,
    "lang": "pt-br",
    "updated": 0
  },
  {
    "id": "ecbb01e3-ce45-4da5-9558-d92bcc95baa6",
    "data": [
      {
        "text": "sem",
        "meta": "@borda",
        "alias": "borda",
        "userDefined": true
      },
      {
        "text": " borda",
        "userDefined": false
      }
    ],
    "isTemplate": false,
    "count": 0,
    "lang": "pt-br",
    "updated": 0
  },
  {
    "id": "44c3603e-5567-4d83-91a1-265714f9b37e",
    "data": [
      {
        "text": "com",
        "meta": "@borda",
        "alias": "borda",
        "userDefined": true
      },
      {
        "text": " borda",
        "userDefined": false
      }
    ],
    "isTemplate": false,
    "count": 0,
    "lang": "pt-br",
    "updated": 0
  },
  {
    "id": "edecaf45-cc44-4726-99bb-2b8aba3c8a92",
    "data": [
      {
        "text": "familia",
        "meta": "@tamanho",
        "alias": "tamanho",
        "userDefined": false
      }
    ],
    "isTemplate": false,
    "count": 0,
    "lang": "pt-br",
    "updated": 0
  },
  {
    "id": "a382c526-21df-48b1-91cf-905b7581a7f2",
    "data": [
      {
        "text": "calabresa",
        "meta": "@sabor",
        "alias": "sabor",
        "userDefined": false
      }
    ],
    "isTemplate": false,
    "count": 0,
    "lang": "pt-br",
    "updated": 0
  }
]