[
  {
    "id": "fa10cd8e-c217-4e9c-822a-ad256490965d",
    "data": [
      {
        "text": "vou pagar no ",
        "userDefined": false
      },
      {
        "text": "dinheiro",
        "meta": "@pagamento",
        "alias": "pagamento",
        "userDefined": false
      }
    ],
    "isTemplate": false,
    "count": 0,
    "lang": "pt-br",
    "updated": 0
  },
  {
    "id": "778c13dc-02be-4c49-b80c-796c0fa212dd",
    "data": [
      {
        "text": "cartao",
        "meta": "@pagamento",
        "alias": "pagamento",
        "userDefined": false
      }
    ],
    "isTemplate": false,
    "count": 0,
    "lang": "pt-br",
    "updated": 0
  },
  {
    "id": "b0f2fd24-d72a-4031-857a-d81f6c6401e1",
    "data": [
      {
        "text": "dinheiro",
        "meta": "@pagamento",
        "alias": "pagamento",
        "userDefined": false
      }
    ],
    "isTemplate": false,
    "count": 0,
    "lang": "pt-br",
    "updated": 0
  },
  {
    "id": "2d70dd0e-8249-479b-b3e4-529dff39c60f",
    "data": [
      {
        "text": "pix",
        "meta": "@pagamento",
        "alias": "pagamento",
        "userDefined": false
      }
    ],
    "isTemplate": false,
    "count": 0,
    "lang": "pt-br",
    "updated": 0
  }
]