[
  {
    "id": "9f1eee0a-05ba-4fca-b760-218f5b31b3ed",
    "data": [
      {
        "text": "tres",
        "meta": "@sys.number",
        "alias": "qtdBebidas",
        "userDefined": false
      },
      {
        "text": " ",
        "userDefined": false
      },
      {
        "text": "refrigerante",
        "meta": "@bebida",
        "alias": "bebida",
        "userDefined": false
      }
    ],
    "isTemplate": false,
    "count": 0,
    "lang": "pt-br",
    "updated": 0
  },
  {
    "id": "5d8c1f9e-6b3b-4487-868e-acec6ad90742",
    "data": [
      {
        "text": "quero ",
        "userDefined": false
      },
      {
        "text": "cinco",
        "meta": "@sys.number",
        "alias": "qtdBebidas",
        "userDefined": false
      },
      {
        "text": " ",
        "userDefined": false
      },
      {
        "text": "agua de coco",
        "meta": "@bebida",
        "alias": "bebida",
        "userDefined": false
      }
    ],
    "isTemplate": false,
    "count": 1,
    "lang": "pt-br",
    "updated": 0
  },
  {
    "id": "c9f9cad8-ecc3-4e4f-8626-1e163f8471f3",
    "data": [
      {
        "text": "quero ",
        "userDefined": false
      },
      {
        "text": "dois",
        "meta": "@sys.number",
        "alias": "qtdBebidas",
        "userDefined": false
      },
      {
        "text": " ",
        "userDefined": false
      },
      {
        "text": "refrigerantes",
        "meta": "@bebida",
        "alias": "bebida",
        "userDefined": false
      }
    ],
    "isTemplate": false,
    "count": 0,
    "lang": "pt-br",
    "updated": 0
  },
  {
    "id": "a9a75aaa-56bf-4f37-a802-828bffe5f333",
    "data": [
      {
        "text": "Quero ",
        "userDefined": false
      },
      {
        "text": "uma",
        "meta": "@sys.number",
        "alias": "qtdBebidas",
        "userDefined": true
      },
      {
        "text": " ",
        "userDefined": false
      },
      {
        "text": "agua",
        "meta": "@bebida",
        "alias": "bebida",
        "userDefined": false
      }
    ],
    "isTemplate": false,
    "count": 0,
    "lang": "pt-br",
    "updated": 0
  }
]