[
  {
    "id": "fad3a817-c420-4af0-a234-f31c4254445d",
    "data": [
      {
        "text": "uma",
        "meta": "@sys.number-integer",
        "alias": "qtdPizza",
        "userDefined": false
      },
      {
        "text": " so",
        "userDefined": false
      }
    ],
    "isTemplate": false,
    "count": 0,
    "lang": "pt-br",
    "updated": 0
  },
  {
    "id": "e6457aaf-8fa5-4ee3-a466-7b51ff8ce7e2",
    "data": [
      {
        "text": "cinco",
        "meta": "@sys.number-integer",
        "alias": "qtdPizza",
        "userDefined": false
      }
    ],
    "isTemplate": false,
    "count": 0,
    "lang": "pt-br",
    "updated": 0
  },
  {
    "id": "b62b78fe-cf83-4293-b747-78a1921cb71a",
    "data": [
      {
        "text": "tres",
        "meta": "@sys.number-integer",
        "alias": "qtdPizza",
        "userDefined": false
      }
    ],
    "isTemplate": false,
    "count": 0,
    "lang": "pt-br",
    "updated": 0
  },
  {
    "id": "f35c8fe7-d4f0-4ce2-b1b0-04365c22c2a0",
    "data": [
      {
        "text": "duas",
        "meta": "@sys.number-integer",
        "alias": "qtdPizza",
        "userDefined": false
      },
      {
        "text": " ",
        "userDefined": false
      },
      {
        "text": "pizza",
        "userDefined": false
      }
    ],
    "isTemplate": false,
    "count": 0,
    "lang": "pt-br",
    "updated": 0
  },
  {
    "id": "0dca5208-13fe-4a3c-b8e0-979236c760d5",
    "data": [
      {
        "text": "quero ",
        "userDefined": false
      },
      {
        "text": "5",
        "meta": "@sys.number-integer",
        "alias": "qtdPizza",
        "userDefined": true
      },
      {
        "text": " ",
        "userDefined": false
      },
      {
        "text": "pizza",
        "userDefined": false
      }
    ],
    "isTemplate": false,
    "count": 0,
    "lang": "pt-br",
    "updated": 0
  },
  {
    "id": "59592731-902c-4004-b239-59d1f48ba30e",
    "data": [
      {
        "text": "quero ",
        "userDefined": false
      },
      {
        "text": "uma",
        "meta": "@sys.number-integer",
        "alias": "qtdPizza",
        "userDefined": true
      },
      {
        "text": " pizza",
        "userDefined": false
      }
    ],
    "isTemplate": false,
    "count": 0,
    "lang": "pt-br",
    "updated": 0
  },
  {
    "id": "1b02a055-b5fd-4eba-91f1-593b9a3de937",
    "data": [
      {
        "text": "quero",
        "userDefined": false
      },
      {
        "text": " ",
        "userDefined": false
      },
      {
        "text": "3",
        "meta": "@sys.number-integer",
        "alias": "qtdPizza",
        "userDefined": true
      },
      {
        "text": " ",
        "userDefined": false
      },
      {
        "text": "pizza",
        "userDefined": false
      }
    ],
    "isTemplate": false,
    "count": 0,
    "lang": "pt-br",
    "updated": 0
  }
]