[
  {
    "id": "3650d43f-d79a-45c5-842b-e1a8f969bc5e",
    "data": [
      {
        "text": "qual o horário de funcionamento?",
        "userDefined": false
      }
    ],
    "isTemplate": false,
    "count": 0,
    "lang": "pt-br",
    "updated": 0
  },
  {
    "id": "e841686c-aff8-4a7c-812b-7a3952d340e1",
    "data": [
      {
        "text": "horário de funcionamento",
        "userDefined": false
      }
    ],
    "isTemplate": false,
    "count": 0,
    "lang": "pt-br",
    "updated": 0
  },
  {
    "id": "e30c222a-9cbb-4060-978d-3a7485b01113",
    "data": [
      {
        "text": "que horas que abre?",
        "userDefined": false
      }
    ],
    "isTemplate": false,
    "count": 0,
    "lang": "pt-br",
    "updated": 0
  },
  {
    "id": "013fbc5d-1468-44a7-9d2a-acd224ccb385",
    "data": [
      {
        "text": "Vocês atendem ",
        "userDefined": false
      },
      {
        "text": "a essa hora",
        "userDefined": false
      },
      {
        "text": "?",
        "userDefined": false
      }
    ],
    "isTemplate": false,
    "count": 0,
    "lang": "pt-br",
    "updated": 0
  },
  {
    "id": "ba4f134a-ce2d-463b-95db-da1c1606698b",
    "data": [
      {
        "text": "esta aberto?",
        "userDefined": false
      }
    ],
    "isTemplate": false,
    "count": 0,
    "lang": "pt-br",
    "updated": 0
  },
  {
    "id": "7a60cf7f-0921-4af0-8ab7-09dea8a34688",
    "data": [
      {
        "text": "vai até que horas?",
        "userDefined": false
      }
    ],
    "isTemplate": false,
    "count": 0,
    "lang": "pt-br",
    "updated": 0
  },
  {
    "id": "c96d49a6-4aea-4bc8-aea0-049416c83cd5",
    "data": [
      {
        "text": "Que horas ",
        "userDefined": false
      },
      {
        "text": "a pizzaria",
        "userDefined": false
      },
      {
        "text": " fecha?",
        "userDefined": false
      }
    ],
    "isTemplate": false,
    "count": 0,
    "lang": "pt-br",
    "updated": 0
  },
  {
    "id": "4f160223-7230-4396-8d1e-b1bef73bbad3",
    "data": [
      {
        "text": "Vocês estão atendendo?",
        "userDefined": false
      }
    ],
    "isTemplate": false,
    "count": 0,
    "lang": "pt-br",
    "updated": 0
  }
]