[
  {
    "id": "0b5aa4e1-0fab-4a73-ba47-6ef9da046819",
    "data": [
      {
        "text": "não desejo",
        "userDefined": false
      }
    ],
    "isTemplate": false,
    "count": 0,
    "lang": "pt-br",
    "updated": 0
  },
  {
    "id": "4a343e10-cd7a-409f-837d-4ef1f28806a8",
    "data": [
      {
        "text": "não quero",
        "userDefined": false
      }
    ],
    "isTemplate": false,
    "count": 0,
    "lang": "pt-br",
    "updated": 0
  },
  {
    "id": "bf8d5d48-15c5-4e0c-aa52-4fb3433e7b7e",
    "data": [
      {
        "text": "não",
        "meta": "@sys.music-artist",
        "alias": "music-artist",
        "userDefined": false
      }
    ],
    "isTemplate": false,
    "count": 1,
    "lang": "pt-br",
    "updated": 0
  }
]