[
  {
    "id": "e87e9aff-860c-49b0-b52d-9ed8845aa089",
    "data": [
      {
        "text": "Sim",
        "userDefined": false
      }
    ],
    "isTemplate": false,
    "count": 0,
    "lang": "pt-br",
    "updated": 0
  },
  {
    "id": "183d0713-18dc-49b0-bcd3-1bcfe723928b",
    "data": [
      {
        "text": "quero finalizar",
        "userDefined": false
      }
    ],
    "isTemplate": false,
    "count": 0,
    "lang": "pt-br",
    "updated": 0
  },
  {
    "id": "e3b831a8-066f-404c-be2f-9e3cc20788de",
    "data": [
      {
        "text": "yes",
        "userDefined": false
      }
    ],
    "isTemplate": false,
    "count": 1,
    "lang": "pt-br",
    "updated": 0
  },
  {
    "id": "c6c50ae2-bb4f-4516-9f21-8cca9667d832",
    "data": [
      {
        "text": "desejo finalizar",
        "userDefined": false
      }
    ],
    "isTemplate": false,
    "count": 0,
    "lang": "pt-br",
    "updated": 0
  },
  {
    "id": "c010f87a-2763-4cd2-b44c-30989a38805b",
    "data": [
      {
        "text": "quero",
        "userDefined": false
      }
    ],
    "isTemplate": false,
    "count": 1,
    "lang": "pt-br",
    "updated": 0
  }
]