[
  {
    "id": "bb635c9d-d5f3-44bf-be0c-4279dd98a079",
    "data": [
      {
        "text": "credito",
        "meta": "@TipoPagamento",
        "alias": "TipoPagamento",
        "userDefined": false
      }
    ],
    "isTemplate": false,
    "count": 0,
    "lang": "pt-br",
    "updated": 0
  },
  {
    "id": "acdf91ca-2788-444c-b84e-69f881f6f08c",
    "data": [
      {
        "text": "dinheiro",
        "meta": "@TipoPagamento",
        "alias": "TipoPagamento",
        "userDefined": true
      }
    ],
    "isTemplate": false,
    "count": 0,
    "lang": "pt-br",
    "updated": 0
  },
  {
    "id": "f08561e2-c849-401b-96c7-abeece88adba",
    "data": [
      {
        "text": "crédito",
        "meta": "@TipoPagamento",
        "alias": "TipoPagamento",
        "userDefined": true
      }
    ],
    "isTemplate": false,
    "count": 0,
    "lang": "pt-br",
    "updated": 0
  },
  {
    "id": "63d43938-f275-4077-ad38-969b84f9cbeb",
    "data": [
      {
        "text": "débito",
        "meta": "@TipoPagamento",
        "alias": "TipoPagamento",
        "userDefined": true
      }
    ],
    "isTemplate": false,
    "count": 0,
    "lang": "pt-br",
    "updated": 0
  },
  {
    "id": "8fec7600-0ce9-468a-a8bd-00aafd7d6ce8",
    "data": [
      {
        "text": "cartão de debito",
        "meta": "@TipoPagamento",
        "alias": "TipoPagamento",
        "userDefined": true
      }
    ],
    "isTemplate": false,
    "count": 0,
    "lang": "pt-br",
    "updated": 0
  },
  {
    "id": "49edaac2-d861-4a86-ba21-cbe242697295",
    "data": [
      {
        "text": "cartão de crédito",
        "meta": "@TipoPagamento",
        "alias": "TipoPagamento",
        "userDefined": true
      }
    ],
    "isTemplate": false,
    "count": 0,
    "lang": "pt-br",
    "updated": 0
  }
]