[
  {
    "id": "474c3a10-6196-4ba1-a1c4-ae98661c38b7",
    "data": [
      {
        "text": "Quero fazer ",
        "userDefined": false
      },
      {
        "text": "um",
        "userDefined": false
      },
      {
        "text": " pedido",
        "userDefined": false
      }
    ],
    "isTemplate": false,
    "count": 0,
    "lang": "pt-br",
    "updated": 0
  },
  {
    "id": "0bde8fd6-442d-4972-9dc0-e020fbcc5360",
    "data": [
      {
        "text": "Realizar pedido",
        "userDefined": false
      }
    ],
    "isTemplate": false,
    "count": 0,
    "lang": "pt-br",
    "updated": 0
  },
  {
    "id": "eca7c435-55d7-488b-ba23-4467a1de55e9",
    "data": [
      {
        "text": "Fazer pedido",
        "userDefined": false
      }
    ],
    "isTemplate": false,
    "count": 0,
    "lang": "pt-br",
    "updated": 0
  },
  {
    "id": "ca6d9434-e9da-4713-b917-5aa08533e224",
    "data": [
      {
        "text": "Quais sabores de ",
        "userDefined": false
      },
      {
        "text": "pizza",
        "userDefined": false
      },
      {
        "text": " vocês tem?",
        "userDefined": false
      }
    ],
    "isTemplate": false,
    "count": 0,
    "lang": "pt-br",
    "updated": 0
  },
  {
    "id": "8a3f40ac-4bf3-45d3-b16f-652314c40817",
    "data": [
      {
        "text": "Menu, por favor",
        "userDefined": false
      }
    ],
    "isTemplate": false,
    "count": 0,
    "lang": "pt-br",
    "updated": 0
  },
  {
    "id": "990bb77e-3ef5-42aa-9cc9-496cc2c65e5d",
    "data": [
      {
        "text": "Cardápio",
        "userDefined": false
      }
    ],
    "isTemplate": false,
    "count": 0,
    "lang": "pt-br",
    "updated": 0
  },
  {
    "id": "ebaec5c7-385e-4e93-8b03-75b213e432b5",
    "data": [
      {
        "text": "Eu gostaria de fazer ",
        "userDefined": false
      },
      {
        "text": "um",
        "userDefined": false
      },
      {
        "text": " pedido",
        "userDefined": false
      }
    ],
    "isTemplate": false,
    "count": 0,
    "lang": "pt-br",
    "updated": 0
  }
]