[
  {
    "value": "Refrigerante",
    "synonyms": [
      "Refrigerante",
      "refri",
      "coca",
      "soda",
      "guarana"
    ]
  },
  {
    "value": "suco",
    "synonyms": [
      "suco",
      "suco de laranja",
      "suco de morango",
      "suco de abacaxi",
      "suco de limão"
    ]
  },
  {
    "value": "água",
    "synonyms": [
      "água",
      "agua"
    ]
  },
  {
    "value": "água de coco",
    "synonyms": [
      "água de coco",
      "agua de coco"
    ]
  },
  {
    "value": "sem bebida",
    "synonyms": [
      "não",
      "n"
    ]
  }
]