[
  {
    "id": "3ed9f799-5123-436d-833d-9854b3531954",
    "data": [
      {
        "text": "quero um suco",
        "userDefined": false
      }
    ],
    "isTemplate": false,
    "count": 0,
    "lang": "pt-br",
    "updated": 0
  },
  {
    "id": "e2a5d263-d5ec-42e3-8c26-dd180b4ca813",
    "data": [
      {
        "text": "suco",
        "meta": "@tiposBebida",
        "alias": "tiposbebida",
        "userDefined": false
      }
    ],
    "isTemplate": false,
    "count": 0,
    "lang": "pt-br",
    "updated": 0
  },
  {
    "id": "5abd5d50-a312-4762-845f-e164bfc725d6",
    "data": [
      {
        "text": "sico",
        "meta": "@tiposBebida",
        "alias": "tiposbebida",
        "userDefined": false
      }
    ],
    "isTemplate": false,
    "count": 0,
    "lang": "pt-br",
    "updated": 0
  },
  {
    "id": "f92b8f28-7d97-4c4b-9446-caebd0ba3acd",
    "data": [
      {
        "text": "suquinho",
        "meta": "@tiposBebida",
        "alias": "tiposbebida",
        "userDefined": true
      }
    ],
    "isTemplate": false,
    "count": 0,
    "lang": "pt-br",
    "updated": 0
  },
  {
    "id": "c4233a7b-4042-480d-9549-a7549ba3251c",
    "data": [
      {
        "text": "uma",
        "meta": "@sys.number",
        "alias": "quantidade",
        "userDefined": false
      },
      {
        "text": " ",
        "userDefined": false
      },
      {
        "text": "bebida",
        "meta": "@tiposBebida",
        "alias": "tiposbebida",
        "userDefined": true
      }
    ],
    "isTemplate": false,
    "count": 0,
    "lang": "pt-br",
    "updated": 0
  },
  {
    "id": "2746f7e5-423a-4564-81d7-7ddbffd2313e",
    "data": [
      {
        "text": "quero só ",
        "userDefined": false
      },
      {
        "text": "um",
        "meta": "@sys.number",
        "alias": "quantidade",
        "userDefined": false
      },
      {
        "text": " ",
        "userDefined": false
      },
      {
        "text": "refrigerante",
        "meta": "@tiposBebida",
        "alias": "tiposbebida",
        "userDefined": true
      }
    ],
    "isTemplate": false,
    "count": 0,
    "lang": "pt-br",
    "updated": 0
  },
  {
    "id": "c0a46092-0c35-4555-9776-63c0767a62cd",
    "data": [
      {
        "text": "agua de  coco",
        "meta": "@tiposBebida",
        "alias": "tiposbebida",
        "userDefined": false
      }
    ],
    "isTemplate": false,
    "count": 0,
    "lang": "pt-br",
    "updated": 0
  },
  {
    "id": "4fbf166f-7467-421a-8351-d0f0e0041530",
    "data": [
      {
        "text": "quero uma ",
        "userDefined": false
      },
      {
        "text": "água de coco",
        "meta": "@tiposBebida",
        "alias": "tiposbebida",
        "userDefined": false
      }
    ],
    "isTemplate": false,
    "count": 0,
    "lang": "pt-br",
    "updated": 0
  },
  {
    "id": "9749e1ac-4fe4-49c1-87ac-d078e46e50fc",
    "data": [
      {
        "text": "quero uma ",
        "userDefined": false
      },
      {
        "text": "água",
        "meta": "@tiposBebida",
        "alias": "tiposbebida",
        "userDefined": false
      }
    ],
    "isTemplate": false,
    "count": 0,
    "lang": "pt-br",
    "updated": 0
  }
]