[
  {
    "value": "refrigerante",
    "synonyms": [
      "refrigerante",
      "refrigerantes",
      "refris",
      "coca cola",
      "guaraná",
      "fanta"
    ]
  },
  {
    "value": "suco",
    "synonyms": [
      "suco",
      "suco de laranja",
      "suco de uva",
      "suco de goiaba"
    ]
  },
  {
    "value": "água",
    "synonyms": [
      "água",
      "agua"
    ]
  },
  {
    "value": "água de coco",
    "synonyms": [
      "água de coco",
      "agua de coco",
      "agua de côco"
    ]
  }
]