[
  {
    "value": "maryaEduarda@outlook.com",
    "synonyms": [
      "maryaEduarda@outlook.com",
      "PlinioBrissov@hotmail.com",
      "breno.ferreira14@hotmail.com"
    ]
  },
  {
    "value": "nati.naomes@gmail.com",
    "synonyms": [
      "nati.naomes@gmail.com",
      "horielcosta21@gmail.com",
      "Arthur.cabral@gmail.com",
      "Emerson@gmail.com"
    ]
  },
  {
    "value": "amandaAraujo@hotmail.com",
    "synonyms": [
      "amandaAraujo@hotmail.com",
      "nuna.luiza.kim@hotmail.com",
      "pedr0.Corim@hotmail.com",
      "marcelINoguilherme@hotmail.com"
    ]
  }
]