[
  {
    "value": "4 queijo",
    "synonyms": [
      "4 queijo",
      "quatro queijo"
    ]
  },
  {
    "value": "camarao",
    "synonyms": [
      "camarao"
    ]
  },
  {
    "value": "calabresa",
    "synonyms": [
      "calabresa"
    ]
  },
  {
    "value": "atum",
    "synonyms": [
      "atum"
    ]
  },
  {
    "value": "frango",
    "synonyms": [
      "frango"
    ]
  },
  {
    "value": "brigadeiro",
    "synonyms": [
      "brigadeiro"
    ]
  },
  {
    "value": "banana",
    "synonyms": [
      "banana"
    ]
  },
  {
    "value": "doce de leite",
    "synonyms": [
      "doce de leite"
    ]
  }
]