[
  {
    "value": "4 Queijos",
    "synonyms": [
      "4 Queijos"
    ]
  },
  {
    "value": "Camarão",
    "synonyms": [
      "Camarão"
    ]
  },
  {
    "value": "Calabresa",
    "synonyms": [
      "Calabresa"
    ]
  },
  {
    "value": "Atum",
    "synonyms": [
      "Atum"
    ]
  },
  {
    "value": "Frango",
    "synonyms": [
      "Frango"
    ]
  },
  {
    "value": "Banana",
    "synonyms": [
      "Banana"
    ]
  },
  {
    "value": "Doce de Leite",
    "synonyms": [
      "Doce de Leite"
    ]
  },
  {
    "value": "Brigadeiro",
    "synonyms": [
      "Brigadeiro"
    ]
  }
]