[
  {
    "id": "d0621c65-1242-43de-bc47-19111a2eee97",
    "data": [
      {
        "text": "inserir ",
        "userDefined": false
      },
      {
        "text": "uma",
        "userDefined": false
      },
      {
        "text": " bebida",
        "userDefined": false
      }
    ],
    "isTemplate": false,
    "count": 0,
    "lang": "pt-br",
    "updated": 0
  },
  {
    "id": "32b28c3d-c103-43de-9358-5f7f7d64391d",
    "data": [
      {
        "text": "adicionar ",
        "userDefined": false
      },
      {
        "text": "uma",
        "userDefined": false
      },
      {
        "text": " nova bebida",
        "userDefined": false
      }
    ],
    "isTemplate": false,
    "count": 0,
    "lang": "pt-br",
    "updated": 0
  },
  {
    "id": "3e626554-e957-4d58-9e44-315973605d13",
    "data": [
      {
        "text": "colocar ",
        "userDefined": false
      },
      {
        "text": "uma",
        "userDefined": false
      },
      {
        "text": " bebida",
        "userDefined": false
      }
    ],
    "isTemplate": false,
    "count": 0,
    "lang": "pt-br",
    "updated": 0
  },
  {
    "id": "bf4279b1-b734-4327-864d-91e0d6f0f851",
    "data": [
      {
        "text": "nova bebida",
        "userDefined": false
      }
    ],
    "isTemplate": false,
    "count": 0,
    "lang": "pt-br",
    "updated": 0
  },
  {
    "id": "e98f7ea3-51de-4aea-9000-33ef34fb1c9d",
    "data": [
      {
        "text": "acrescentar ",
        "userDefined": false
      },
      {
        "text": "uma",
        "userDefined": false
      },
      {
        "text": " bebida",
        "userDefined": false
      }
    ],
    "isTemplate": false,
    "count": 0,
    "lang": "pt-br",
    "updated": 0
  },
  {
    "id": "9a22c24e-1082-4585-9e1f-67d7b1f5baa7",
    "data": [
      {
        "text": "adicionar ",
        "userDefined": false
      },
      {
        "text": "uma",
        "userDefined": false
      },
      {
        "text": " bebida",
        "userDefined": false
      }
    ],
    "isTemplate": false,
    "count": 0,
    "lang": "pt-br",
    "updated": 0
  }
]