[
  {
    "id": "0cbf78f5-29d9-4128-abaf-9c6aa511a820",
    "data": [
      {
        "text": "inserir ",
        "userDefined": false
      },
      {
        "text": "uma pizza",
        "userDefined": false
      }
    ],
    "isTemplate": false,
    "count": 0,
    "lang": "pt-br",
    "updated": 0
  },
  {
    "id": "a420506f-0bc5-4878-83d1-ba27295b636a",
    "data": [
      {
        "text": "adicionar ",
        "userDefined": false
      },
      {
        "text": "uma pizza diferente",
        "userDefined": false
      }
    ],
    "isTemplate": false,
    "count": 0,
    "lang": "pt-br",
    "updated": 0
  },
  {
    "id": "1af0ef08-7cfb-406d-9cbe-1d54c2e79c77",
    "data": [
      {
        "text": "colocar ",
        "userDefined": false
      },
      {
        "text": "uma pizza",
        "userDefined": false
      }
    ],
    "isTemplate": false,
    "count": 0,
    "lang": "pt-br",
    "updated": 0
  },
  {
    "id": "3e154216-6e22-4431-a3cf-c75d9b9c78b9",
    "data": [
      {
        "text": "nova pizza",
        "userDefined": false
      }
    ],
    "isTemplate": false,
    "count": 0,
    "lang": "pt-br",
    "updated": 0
  },
  {
    "id": "3a7814d6-f287-4804-8139-2e57a9dc3b26",
    "data": [
      {
        "text": "acrescentar ",
        "userDefined": false
      },
      {
        "text": "um",
        "userDefined": false
      },
      {
        "text": " sabor",
        "userDefined": false
      }
    ],
    "isTemplate": false,
    "count": 0,
    "lang": "pt-br",
    "updated": 0
  },
  {
    "id": "2586410c-1de9-44f1-8579-016067043ecd",
    "data": [
      {
        "text": "adicionar ",
        "userDefined": false
      },
      {
        "text": "uma pizza",
        "userDefined": false
      }
    ],
    "isTemplate": false,
    "count": 0,
    "lang": "pt-br",
    "updated": 0
  }
]