[
  {
    "id": "ed8fb0ce-ed74-477a-9884-fa6ce2703067",
    "data": [
      {
        "text": "o que vai na ",
        "userDefined": false
      },
      {
        "text": "pizza",
        "userDefined": false
      },
      {
        "text": " de camarao",
        "userDefined": false
      }
    ],
    "isTemplate": false,
    "count": 0,
    "lang": "pt-br",
    "updated": 0
  },
  {
    "id": "778f6fcc-90f5-4a25-9ac2-2a1fb4242850",
    "data": [
      {
        "text": "quais os  queijos da ",
        "userDefined": false
      },
      {
        "text": "pizza",
        "userDefined": false
      },
      {
        "text": " ",
        "userDefined": false
      },
      {
        "text": "de 4",
        "userDefined": false
      },
      {
        "text": " queijos?",
        "userDefined": false
      }
    ],
    "isTemplate": false,
    "count": 0,
    "lang": "pt-br",
    "updated": 0
  },
  {
    "id": "34d4b539-b712-4b85-8718-40d1f4886d4a",
    "data": [
      {
        "text": "tem ",
        "userDefined": false
      },
      {
        "text": "canela",
        "userDefined": false
      },
      {
        "text": " na ",
        "userDefined": false
      },
      {
        "text": "pizza",
        "userDefined": false
      },
      {
        "text": " de banana?",
        "userDefined": false
      }
    ],
    "isTemplate": false,
    "count": 0,
    "lang": "pt-br",
    "updated": 0
  },
  {
    "id": "6a4b9d3f-a7ca-4aec-bb3b-d11ac24f7956",
    "data": [
      {
        "text": "quais ",
        "userDefined": false
      },
      {
        "text": "são",
        "userDefined": false
      },
      {
        "text": " os ingredientes da ",
        "userDefined": false
      },
      {
        "text": "pizza",
        "userDefined": false
      },
      {
        "text": " de doce de ",
        "userDefined": false
      },
      {
        "text": "leite",
        "userDefined": false
      }
    ],
    "isTemplate": false,
    "count": 0,
    "lang": "pt-br",
    "updated": 0
  },
  {
    "id": "7c78ad29-e357-4329-bec9-fc917f263f6f",
    "data": [
      {
        "text": "o que vai na ",
        "userDefined": false
      },
      {
        "text": "pizza",
        "userDefined": false
      },
      {
        "text": " de frango",
        "userDefined": false
      }
    ],
    "isTemplate": false,
    "count": 0,
    "lang": "pt-br",
    "updated": 0
  },
  {
    "id": "a1a598e9-b338-4dc5-889f-9bdad86c82c5",
    "data": [
      {
        "text": "preço ",
        "userDefined": false
      },
      {
        "text": "pizza",
        "userDefined": false
      },
      {
        "text": " de brigadeiro",
        "userDefined": false
      }
    ],
    "isTemplate": false,
    "count": 0,
    "lang": "pt-br",
    "updated": 0
  },
  {
    "id": "2a069a7d-7ff5-4640-89cc-346f32f4c509",
    "data": [
      {
        "text": "ingredientes da ",
        "userDefined": false
      },
      {
        "text": "pizza",
        "userDefined": false
      },
      {
        "text": " de banana",
        "userDefined": false
      }
    ],
    "isTemplate": false,
    "count": 0,
    "lang": "pt-br",
    "updated": 0
  },
  {
    "id": "700ceabd-6c69-4bfd-999c-a7911aae6daf",
    "data": [
      {
        "text": "valores ",
        "userDefined": false
      },
      {
        "text": "pizza",
        "userDefined": false
      },
      {
        "text": " de atum",
        "userDefined": false
      }
    ],
    "isTemplate": false,
    "count": 0,
    "lang": "pt-br",
    "updated": 0
  },
  {
    "id": "86ab6b63-f7e9-4bd2-ba91-45f0a950d90b",
    "data": [
      {
        "text": "informações ",
        "userDefined": false
      },
      {
        "text": "pizza",
        "userDefined": false
      },
      {
        "text": " de calabresa",
        "userDefined": false
      }
    ],
    "isTemplate": false,
    "count": 0,
    "lang": "pt-br",
    "updated": 0
  }
]