[
  {
    "id": "812d2c56-b851-40a4-8722-23a2b1efeb6b",
    "data": [
      {
        "text": "larissaHawryliszyn@outlook.com",
        "meta": "@sys.email",
        "alias": "login",
        "userDefined": true
      },
      {
        "text": " ",
        "userDefined": false
      },
      {
        "text": "360921",
        "meta": "@sys.number-integer",
        "alias": "number-integer",
        "userDefined": true
      },
      {
        "text": " login",
        "userDefined": false
      }
    ],
    "isTemplate": false,
    "count": 0,
    "lang": "pt-br",
    "updated": 0
  },
  {
    "id": "7ca0f90b-5b4c-4ecb-b2b0-6bc249b11609",
    "data": [
      {
        "text": "funcionario ",
        "userDefined": false
      },
      {
        "text": "natiNaomes@outlook.com",
        "meta": "@sys.email",
        "alias": "login",
        "userDefined": true
      },
      {
        "text": " ",
        "userDefined": false
      },
      {
        "text": "568907",
        "meta": "@sys.number-integer",
        "alias": "number-integer",
        "userDefined": true
      }
    ],
    "isTemplate": false,
    "count": 0,
    "lang": "pt-br",
    "updated": 0
  },
  {
    "id": "90b01a02-083d-4808-bbd9-ba1e9cda6a54",
    "data": [
      {
        "text": "830195",
        "meta": "@sys.number-integer",
        "alias": "number-integer",
        "userDefined": true
      },
      {
        "text": " ",
        "userDefined": false
      },
      {
        "text": "antoniocoxim@hotmail.com",
        "meta": "@sys.email",
        "alias": "login",
        "userDefined": true
      }
    ],
    "isTemplate": false,
    "count": 0,
    "lang": "pt-br",
    "updated": 0
  },
  {
    "id": "70aa028c-c263-4470-b418-b6cf902b12a2",
    "data": [
      {
        "text": "986598",
        "meta": "@sys.number-integer",
        "alias": "number-integer",
        "userDefined": true
      },
      {
        "text": " ",
        "userDefined": false
      },
      {
        "text": "Harsh.Agrawal@outlook.com",
        "meta": "@sys.email",
        "alias": "login",
        "userDefined": true
      }
    ],
    "isTemplate": false,
    "count": 0,
    "lang": "pt-br",
    "updated": 0
  },
  {
    "id": "a09693c2-2aab-4209-837b-6ad5ff82eec7",
    "data": [
      {
        "text": "login: ",
        "userDefined": false
      },
      {
        "text": "narutouzumaki@gmail.com",
        "meta": "@sys.email",
        "alias": "login",
        "userDefined": true
      },
      {
        "text": " senha: ",
        "userDefined": false
      },
      {
        "text": "498756",
        "meta": "@sys.number-integer",
        "alias": "number-integer",
        "userDefined": true
      }
    ],
    "isTemplate": false,
    "count": 0,
    "lang": "pt-br",
    "updated": 0
  },
  {
    "id": "25c0dcd1-35a1-441d-b527-abf089c21b6a",
    "data": [
      {
        "text": "modo de funcionário",
        "userDefined": false
      }
    ],
    "isTemplate": false,
    "count": 0,
    "lang": "pt-br",
    "updated": 0
  },
  {
    "id": "ef0148d1-bc15-43c8-b295-ed33ffbcafbc",
    "data": [
      {
        "text": "vitor.torino@outlook.com",
        "meta": "@sys.email",
        "alias": "login",
        "userDefined": true
      },
      {
        "text": " ",
        "userDefined": false
      },
      {
        "text": "749823",
        "meta": "@sys.number-integer",
        "alias": "number-integer",
        "userDefined": true
      }
    ],
    "isTemplate": false,
    "count": 0,
    "lang": "pt-br",
    "updated": 0
  },
  {
    "id": "50a5ea66-8703-4d89-808e-c68e25a6c4ac",
    "data": [
      {
        "text": "matilde@hotmail.com",
        "meta": "@sys.email",
        "alias": "login",
        "userDefined": true
      },
      {
        "text": " ",
        "userDefined": false
      },
      {
        "text": "987365",
        "meta": "@sys.number-integer",
        "alias": "number-integer",
        "userDefined": true
      }
    ],
    "isTemplate": false,
    "count": 0,
    "lang": "pt-br",
    "updated": 0
  },
  {
    "id": "bac72849-eb1b-4100-a743-7182d29e1c17",
    "data": [
      {
        "text": "email@gmail.com",
        "meta": "@sys.email",
        "alias": "login",
        "userDefined": true
      },
      {
        "text": " ",
        "userDefined": false
      },
      {
        "text": "564298",
        "meta": "@sys.number-integer",
        "alias": "number-integer",
        "userDefined": true
      }
    ],
    "isTemplate": false,
    "count": 0,
    "lang": "pt-br",
    "updated": 0
  },
  {
    "id": "afc77256-46ea-46d8-81ca-573131797534",
    "data": [
      {
        "text": "Controle de acesso de funcionário",
        "userDefined": false
      }
    ],
    "isTemplate": false,
    "count": 0,
    "lang": "pt-br",
    "updated": 0
  }
]