[
  {
    "id": "2ca09db5-8a9a-4ac8-a9a3-32a490b75602",
    "data": [
      {
        "text": "gostaria de pedir",
        "userDefined": false
      }
    ],
    "isTemplate": false,
    "count": 0,
    "lang": "pt-br",
    "updated": 0
  },
  {
    "id": "c7e8d6f7-e6bd-4722-a46d-41d09ff32adb",
    "data": [
      {
        "text": "gostaria que alguem anotasse o meu pedido",
        "userDefined": false
      }
    ],
    "isTemplate": false,
    "count": 0,
    "lang": "pt-br",
    "updated": 0
  },
  {
    "id": "18b842c1-0409-41f6-88d8-95494b96403c",
    "data": [
      {
        "text": "quero pedir ",
        "userDefined": false
      },
      {
        "text": "uma pizza",
        "userDefined": false
      }
    ],
    "isTemplate": false,
    "count": 0,
    "lang": "pt-br",
    "updated": 0
  },
  {
    "id": "169b90a2-8ce0-4cc2-87c2-808d593da8a1",
    "data": [
      {
        "text": "fazer pedido",
        "userDefined": false
      }
    ],
    "isTemplate": false,
    "count": 0,
    "lang": "pt-br",
    "updated": 0
  },
  {
    "id": "a2ed59f9-6adf-4d1a-9292-0b6d01bbe8b5",
    "data": [
      {
        "text": "como faço ",
        "userDefined": false
      },
      {
        "text": "um",
        "userDefined": false
      },
      {
        "text": " pedido?",
        "userDefined": false
      }
    ],
    "isTemplate": false,
    "count": 0,
    "lang": "pt-br",
    "updated": 0
  },
  {
    "id": "03a01275-3057-40c5-9240-e772064cefc5",
    "data": [
      {
        "text": "tem como anotar o meu pedido?",
        "userDefined": false
      }
    ],
    "isTemplate": false,
    "count": 0,
    "lang": "pt-br",
    "updated": 0
  },
  {
    "id": "aa087b1e-fb90-4778-816c-3f75a0302b6e",
    "data": [
      {
        "text": "gostaria de fazer ",
        "userDefined": false
      },
      {
        "text": "um",
        "userDefined": false
      },
      {
        "text": " pedido",
        "userDefined": false
      }
    ],
    "isTemplate": false,
    "count": 0,
    "lang": "pt-br",
    "updated": 0
  },
  {
    "id": "cab8e250-4983-4c9a-aac2-908c7b21a3b6",
    "data": [
      {
        "text": "quero fazer ",
        "userDefined": false
      },
      {
        "text": "um",
        "userDefined": false
      },
      {
        "text": " pedido",
        "userDefined": false
      }
    ],
    "isTemplate": false,
    "count": 0,
    "lang": "pt-br",
    "updated": 0
  }
]