[
  {
    "id": "421e332b-f48f-4691-8539-0028b2ab21dd",
    "data": [
      {
        "text": "onde posso ver o cardapio",
        "userDefined": false
      }
    ],
    "isTemplate": false,
    "count": 0,
    "lang": "pt-br",
    "updated": 0
  },
  {
    "id": "91954e6b-c536-4097-80b4-3fe7e3066706",
    "data": [
      {
        "text": "gostaria de ver o cardapio",
        "userDefined": false
      }
    ],
    "isTemplate": false,
    "count": 0,
    "lang": "pt-br",
    "updated": 0
  },
  {
    "id": "84917d34-ee19-4634-82bc-4caecc9c510d",
    "data": [
      {
        "text": "me ve o cardapio",
        "userDefined": false
      }
    ],
    "isTemplate": false,
    "count": 0,
    "lang": "pt-br",
    "updated": 0
  },
  {
    "id": "cae59ef0-c680-46f7-b6bc-75e502876474",
    "data": [
      {
        "text": "mostre-me o cardápio",
        "userDefined": false
      }
    ],
    "isTemplate": false,
    "count": 0,
    "lang": "pt-br",
    "updated": 0
  },
  {
    "id": "97574f67-74ae-4943-b281-ae5d70810966",
    "data": [
      {
        "text": "pega o menu",
        "userDefined": false
      }
    ],
    "isTemplate": false,
    "count": 0,
    "lang": "pt-br",
    "updated": 0
  },
  {
    "id": "7db2c79a-6080-4255-8730-23b2f736a754",
    "data": [
      {
        "text": "onde posso ver o menu?",
        "userDefined": false
      }
    ],
    "isTemplate": false,
    "count": 0,
    "lang": "pt-br",
    "updated": 0
  },
  {
    "id": "b13b5d17-18e6-40bd-9890-f9c8a4e9d6c4",
    "data": [
      {
        "text": "me ve o menu, ",
        "userDefined": false
      },
      {
        "text": "por",
        "userDefined": false
      },
      {
        "text": " ",
        "userDefined": false
      },
      {
        "text": "gentileza",
        "userDefined": false
      }
    ],
    "isTemplate": false,
    "count": 0,
    "lang": "pt-br",
    "updated": 0
  },
  {
    "id": "f63e8319-3c7e-4395-bae8-934546bea945",
    "data": [
      {
        "text": "quero ver o menu",
        "userDefined": false
      }
    ],
    "isTemplate": false,
    "count": 0,
    "lang": "pt-br",
    "updated": 0
  },
  {
    "id": "26fa9fca-cba8-4fbf-a6ca-78571196d8cd",
    "data": [
      {
        "text": "qual o menu",
        "userDefined": false
      }
    ],
    "isTemplate": false,
    "count": 0,
    "lang": "pt-br",
    "updated": 0
  },
  {
    "id": "b1bfab5b-02f8-4301-9d7e-7719c19d1c09",
    "data": [
      {
        "text": "mostrar menu",
        "userDefined": false
      }
    ],
    "isTemplate": false,
    "count": 0,
    "lang": "pt-br",
    "updated": 0
  },
  {
    "id": "170e1003-7106-4d1c-9c89-3c28123a4dd7",
    "data": [
      {
        "text": "menu",
        "userDefined": false
      }
    ],
    "isTemplate": false,
    "count": 0,
    "lang": "pt-br",
    "updated": 0
  },
  {
    "id": "026040e4-6593-4e13-b463-c53e00860992",
    "data": [
      {
        "text": "gostaria de ver o menu",
        "userDefined": false
      }
    ],
    "isTemplate": false,
    "count": 0,
    "lang": "pt-br",
    "updated": 0
  },
  {
    "id": "15f2b0c2-280b-4ea3-ac91-1f6f63aa6f41",
    "data": [
      {
        "text": "me mostra o menu",
        "userDefined": false
      }
    ],
    "isTemplate": false,
    "count": 0,
    "lang": "pt-br",
    "updated": 0
  }
]