[
  {
    "value": "queijos",
    "synonyms": [
      "quatro queijos",
      "4 queijos"
    ]
  },
  {
    "value": "camarao",
    "synonyms": [
      "Camarão",
      "camarao",
      "Camarao"
    ]
  },
  {
    "value": "calabresa",
    "synonyms": [
      "Calabresa",
      "calabresa"
    ]
  },
  {
    "value": "atum",
    "synonyms": [
      "Atum",
      "atum"
    ]
  },
  {
    "value": "frango",
    "synonyms": [
      "Frango",
      "frango"
    ]
  },
  {
    "value": "brigadeiro",
    "synonyms": [
      "Brigadeiro",
      "chocolate"
    ]
  },
  {
    "value": "doceDeLeite",
    "synonyms": [
      "Doce de leite",
      "doce de leite"
    ]
  },
  {
    "value": "banana",
    "synonyms": [
      "Banana",
      "banana"
    ]
  }
]