[
  {
    "id": "3f69df32-9421-49a5-a35f-35bf40fccef5",
    "data": [
      {
        "text": "debito",
        "meta": "@Pagamento",
        "alias": "pagamento",
        "userDefined": false
      }
    ],
    "isTemplate": false,
    "count": 0,
    "lang": "pt-br",
    "updated": 0
  },
  {
    "id": "bc7081d0-e853-4867-b929-ceb50849e4ee",
    "data": [
      {
        "text": "vai ser em ",
        "userDefined": false
      },
      {
        "text": "dinheiro",
        "meta": "@Pagamento",
        "alias": "pagamento",
        "userDefined": true
      }
    ],
    "isTemplate": false,
    "count": 0,
    "lang": "pt-br",
    "updated": 0
  },
  {
    "id": "4d2c6743-a437-4749-8401-6a489688f281",
    "data": [
      {
        "text": "vou pagar no ",
        "userDefined": false
      },
      {
        "text": "credito",
        "meta": "@Pagamento",
        "alias": "pagamento",
        "userDefined": true
      }
    ],
    "isTemplate": false,
    "count": 0,
    "lang": "pt-br",
    "updated": 0
  },
  {
    "id": "3ec92022-1804-44ad-8de1-f76f5953747e",
    "data": [
      {
        "text": "não",
        "meta": "@sys.any",
        "alias": "resposta",
        "userDefined": false
      }
    ],
    "isTemplate": false,
    "count": 0,
    "lang": "pt-br",
    "updated": 0
  },
  {
    "id": "37bdeab5-607b-48d1-bd58-e9cd14fbdd94",
    "data": [
      {
        "text": "sim",
        "meta": "@sys.any",
        "alias": "resposta",
        "userDefined": false
      }
    ],
    "isTemplate": false,
    "count": 0,
    "lang": "pt-br",
    "updated": 0
  }
]