[
  {
    "id": "e7c96e37-9be4-49ae-bd95-dc683648a5cb",
    "data": [
      {
        "text": "dinheiro",
        "meta": "@Pagamento",
        "alias": "pagamento",
        "userDefined": false
      }
    ],
    "isTemplate": false,
    "count": 1,
    "lang": "pt-br",
    "updated": 0
  },
  {
    "id": "3fdc6509-e56f-4c9e-8b86-9bed9de34ae0",
    "data": [
      {
        "text": "debito",
        "meta": "@Pagamento",
        "alias": "pagamento",
        "userDefined": false
      }
    ],
    "isTemplate": false,
    "count": 0,
    "lang": "pt-br",
    "updated": 0
  },
  {
    "id": "18bd55b8-5a6c-4e9b-9e20-a1ecb6459b74",
    "data": [
      {
        "text": "credito",
        "meta": "@Pagamento",
        "alias": "pagamento",
        "userDefined": false
      }
    ],
    "isTemplate": false,
    "count": 0,
    "lang": "pt-br",
    "updated": 0
  }
]