[
  {
    "id": "51327ca1-6599-466d-8e2d-646fa2dda01e",
    "data": [
      {
        "text": "Vocês vendem suco ?",
        "userDefined": false
      }
    ],
    "isTemplate": false,
    "count": 1,
    "lang": "pt-br",
    "updated": 0
  },
  {
    "id": "aaeca6ec-e06f-4265-af7b-56e615e63f77",
    "data": [
      {
        "text": "Quais sabores de ",
        "userDefined": false
      },
      {
        "text": "pizza",
        "userDefined": false
      },
      {
        "text": " vocês tem ?",
        "userDefined": false
      }
    ],
    "isTemplate": false,
    "count": 0,
    "lang": "pt-br",
    "updated": 0
  },
  {
    "id": "7c3cd449-ed2e-4960-87c4-e52964af7dcb",
    "data": [
      {
        "text": "Gostaria de ver o menu",
        "userDefined": false
      }
    ],
    "isTemplate": false,
    "count": 0,
    "lang": "pt-br",
    "updated": 0
  },
  {
    "id": "f9cda37e-5825-45a0-858a-53d638ae4c24",
    "data": [
      {
        "text": "Cardápio",
        "userDefined": false
      }
    ],
    "isTemplate": false,
    "count": 0,
    "lang": "pt-br",
    "updated": 0
  }
]