[
  {
    "id": "7259f07e-4583-4854-ab03-184f7a1c43d8",
    "data": [
      {
        "text": "por favor",
        "userDefined": false
      }
    ],
    "isTemplate": false,
    "count": 0,
    "lang": "pt-br",
    "updated": 0
  },
  {
    "id": "7126a121-6adb-4a9d-80fe-cd7542f58342",
    "data": [
      {
        "text": "adicionar bebida",
        "userDefined": false
      }
    ],
    "isTemplate": false,
    "count": 0,
    "lang": "pt-br",
    "updated": 0
  },
  {
    "id": "f4781944-7604-4581-b4ff-3e201e7911fe",
    "data": [
      {
        "text": "bebida",
        "userDefined": false
      }
    ],
    "isTemplate": false,
    "count": 0,
    "lang": "pt-br",
    "updated": 0
  },
  {
    "id": "3d2ac090-664c-4159-b1fc-c090b6bc1006",
    "data": [
      {
        "text": "isso",
        "userDefined": false
      }
    ],
    "isTemplate": false,
    "count": 0,
    "lang": "pt-br",
    "updated": 0
  },
  {
    "id": "314d2f3f-3e7b-4155-aab7-c69634acd2df",
    "data": [
      {
        "text": "afirmativo",
        "userDefined": false
      }
    ],
    "isTemplate": false,
    "count": 0,
    "lang": "pt-br",
    "updated": 0
  },
  {
    "id": "cae721f7-2f55-4275-ae19-9bcc8c3c477b",
    "data": [
      {
        "text": "certo",
        "userDefined": false
      }
    ],
    "isTemplate": false,
    "count": 0,
    "lang": "pt-br",
    "updated": 0
  },
  {
    "id": "6dfad378-ed36-4ebb-807d-a56185adf8fd",
    "data": [
      {
        "text": "quero sim",
        "userDefined": false
      }
    ],
    "isTemplate": false,
    "count": 0,
    "lang": "pt-br",
    "updated": 0
  },
  {
    "id": "a6986355-8e89-4b0a-94dd-47916f7768dc",
    "data": [
      {
        "text": "Sim",
        "userDefined": false
      }
    ],
    "isTemplate": false,
    "count": 0,
    "lang": "pt-br",
    "updated": 0
  }
]