[
  {
    "id": "1b57f682-e80b-400f-8863-4f14ccf136a4",
    "data": [
      {
        "text": "afirmativo",
        "userDefined": false
      }
    ],
    "isTemplate": false,
    "count": 0,
    "lang": "pt-br",
    "updated": 0
  },
  {
    "id": "0473ee13-e7df-4a04-8362-b73512d6a1a6",
    "data": [
      {
        "text": "quero",
        "userDefined": false
      }
    ],
    "isTemplate": false,
    "count": 0,
    "lang": "pt-br",
    "updated": 0
  },
  {
    "id": "e5efeef1-1db2-4da4-9c6d-46b5ae85c27a",
    "data": [
      {
        "text": "quero sim",
        "userDefined": false
      }
    ],
    "isTemplate": false,
    "count": 0,
    "lang": "pt-br",
    "updated": 0
  },
  {
    "id": "8e50e176-0c30-4a5f-9e20-b83a7a9c3e4d",
    "data": [
      {
        "text": "por favor",
        "userDefined": false
      }
    ],
    "isTemplate": false,
    "count": 0,
    "lang": "pt-br",
    "updated": 0
  },
  {
    "id": "a7cadc09-bad3-4444-8cc6-246bc19e026f",
    "data": [
      {
        "text": "sim",
        "userDefined": false
      }
    ],
    "isTemplate": false,
    "count": 0,
    "lang": "pt-br",
    "updated": 0
  },
  {
    "id": "2ff10b01-5b57-4b79-984a-5dc68cb24422",
    "data": [
      {
        "text": "um",
        "meta": "@sys.number",
        "alias": "number",
        "userDefined": false
      },
      {
        "text": " ",
        "userDefined": false
      },
      {
        "text": "suco",
        "meta": "@Bebidas",
        "alias": "Bebidas",
        "userDefined": false
      }
    ],
    "isTemplate": false,
    "count": 0,
    "lang": "pt-br",
    "updated": 0
  },
  {
    "id": "ede13f4d-1cb4-495e-b3dc-e0e83d9a708c",
    "data": [
      {
        "text": "agua de coco",
        "meta": "@Bebidas",
        "alias": "Bebidas",
        "userDefined": true
      }
    ],
    "isTemplate": false,
    "count": 0,
    "lang": "pt-br",
    "updated": 0
  },
  {
    "id": "eb0624d1-2757-4dd6-93a9-d5973bc9c4cd",
    "data": [
      {
        "text": "pode ser ",
        "userDefined": false
      },
      {
        "text": "uma",
        "meta": "@sys.number",
        "alias": "number",
        "userDefined": true
      },
      {
        "text": " ",
        "userDefined": false
      },
      {
        "text": "agua",
        "meta": "@Bebidas",
        "alias": "Bebidas",
        "userDefined": true
      }
    ],
    "isTemplate": false,
    "count": 0,
    "lang": "pt-br",
    "updated": 0
  },
  {
    "id": "7d21ca3f-5f6d-4dab-b2fa-35b1c5d788b6",
    "data": [
      {
        "text": "quero ",
        "userDefined": false
      },
      {
        "text": "refrigerante",
        "meta": "@Bebidas",
        "alias": "Bebidas",
        "userDefined": true
      }
    ],
    "isTemplate": false,
    "count": 0,
    "lang": "pt-br",
    "updated": 0
  },
  {
    "id": "f43c7259-1674-4892-8585-43694696a933",
    "data": [
      {
        "text": "quero ",
        "userDefined": false
      },
      {
        "text": "uma",
        "meta": "@sys.number",
        "alias": "number",
        "userDefined": false
      },
      {
        "text": " ",
        "userDefined": false
      },
      {
        "text": "coca",
        "meta": "@Bebidas",
        "alias": "Bebidas",
        "userDefined": true
      }
    ],
    "isTemplate": false,
    "count": 0,
    "lang": "pt-br",
    "updated": 0
  }
]