[
  {
    "id": "aac532ac-cb85-45eb-8408-6115069cd8c0",
    "data": [
      {
        "text": "Gostaria de ver o cardápio",
        "userDefined": false
      }
    ],
    "isTemplate": false,
    "count": 0,
    "lang": "pt-br",
    "updated": 0
  },
  {
    "id": "48d335ba-de69-4fcf-870c-9efbe5a571d3",
    "data": [
      {
        "text": "Posso ver o cardápio?",
        "userDefined": false
      }
    ],
    "isTemplate": false,
    "count": 0,
    "lang": "pt-br",
    "updated": 0
  },
  {
    "id": "7279b163-d567-48cd-949a-3f93dc968705",
    "data": [
      {
        "text": "Quais as opções?",
        "userDefined": false
      }
    ],
    "isTemplate": false,
    "count": 0,
    "lang": "pt-br",
    "updated": 0
  },
  {
    "id": "907a11c4-0538-4fc6-995e-708e65d98227",
    "data": [
      {
        "text": "O que vocês tem?",
        "userDefined": false
      }
    ],
    "isTemplate": false,
    "count": 0,
    "lang": "pt-br",
    "updated": 0
  },
  {
    "id": "d85e7dc5-e610-40ed-a4f6-58327b366b9c",
    "data": [
      {
        "text": "Ver pizzas",
        "userDefined": false
      }
    ],
    "isTemplate": false,
    "count": 0,
    "lang": "pt-br",
    "updated": 0
  },
  {
    "id": "613e17ca-d13b-440b-94a5-7edefa0b51db",
    "data": [
      {
        "text": "Você pode me mostrar o menu?",
        "userDefined": false
      }
    ],
    "isTemplate": false,
    "count": 1,
    "lang": "pt-br",
    "updated": 0
  },
  {
    "id": "540aa2b5-00e8-4707-8411-f18d9f96efd0",
    "data": [
      {
        "text": "O que posso pedir?",
        "userDefined": false
      }
    ],
    "isTemplate": false,
    "count": 0,
    "lang": "pt-br",
    "updated": 0
  },
  {
    "id": "62a9036d-26e8-44ed-9a2f-8131a53402fd",
    "data": [
      {
        "text": "Gostaria de ver o menu por favor",
        "userDefined": false
      }
    ],
    "isTemplate": false,
    "count": 0,
    "lang": "pt-br",
    "updated": 0
  }
]